Name,Email,Code
Aarav Sharma,aarav.sharma@example.com,CODE001
Diya Patel,diya.patel@example.com,CODE002
Rohan Mehta,rohan.mehta@example.com,CODE003
Ananya Singh,ananya.singh@example.com,CODE004
Kabir Verma,kabir.verma@example.com,CODE005
Isha Gupta,isha.gupta@example.com,CODE006
Vivaan Nair,vivaan.nair@example.com,CODE007
Meera Reddy,meera.reddy@example.com,CODE008
Arjun Rao,arjun.rao@example.com,CODE009
Saanvi Kapoor,saanvi.kapoor@example.com,CODE010
